{
    "title": "Jitendex [2023-12-12]",
    "author": "stephenmk",
    "sequenced": true,
    "format": 3,
    "url": "jitendex.org",
    "revision": "3.1",
    "attribution": "© CC BY-SA 4.0 Stephen Kraus 2023\n\nYou are free to use, modify, and redistribute Jitendex files under the terms of the Creative Commons Attribution-ShareAlike License (V4.0)\n\nJitendex includes material from several copyrighted sources in compliance with the terms and conditions of those projects.\n\n• JMdict (EDICT, etc.) dictionary data is provided by the Electronic Dictionaries Research Group. Visit edrdg.org for more information.\n• Example sentences (Japanese and English) are provided by Tatoeba (https://tatoeba.org/). This data is licensed CC BY 2.0 FR.\n• Positional information for the furigana displayed in headwords is provided by the JmdictFurigana project. This data is distributed under a Creative Commons Attribution-ShareAlike License."
}